{"YThCvyBz8Q5yQ4BDRubndg==":"%D0%9D%D0%BE%D0%B2%D1%8B%D0%B9%20%D1%82%D0%BE%D1%87%D0%B5%D1%87%D0%BD%D1%8B%D0%B9%20%D1%80%D0%B8%D1%81%D1%83%D0%BD%D0%BE%D0%BA-122x122.jpeg","zJaRZ7PUAicSAqXrJZYe6Q==":"%D0%9D%D0%BE%D0%B2%D1%8B%D0%B9%20%D1%82%D0%BE%D1%87%D0%B5%D1%87%D0%BD%D1%8B%D0%B9%20%D1%80%D0%B8%D1%81%D1%83%D0%BD%D0%BE%D0%BA-122x122.jpeg","ieb3oZqlGfkU08uWzxsY+A==":"%D0%9D%D0%BE%D0%B2%D1%8B%D0%B9%20%D1%82%D0%BE%D1%87%D0%B5%D1%87%D0%BD%D1%8B%D0%B9%20%D1%80%D0%B8%D1%81%D1%83%D0%BD%D0%BE%D0%BA-122x117.jpeg","XhHb8BW8jeHsnVqzzt6jBA==":"%D0%9D%D0%BE%D0%B2%D1%8B%D0%B9%20%D1%82%D0%BE%D1%87%D0%B5%D1%87%D0%BD%D1%8B%D0%B9%20%D1%80%D0%B8%D1%81%D1%83%D0%BD%D0%BE%D0%BA-122x117.jpeg","qnOo8gwO7hqgyEiSi9fGvw==":"%D0%9D%D0%BE%D0%B2%D1%8B%D0%B9%20%D1%82%D0%BE%D1%87%D0%B5%D1%87%D0%BD%D1%8B%D0%B9%20%D1%80%D0%B8%D1%81%D1%83%D0%BD%D0%BE%D0%BA-122x117.jpeg","KhND+R32olyboXyMtZWSWg==":"%D0%9D%D0%BE%D0%B2%D1%8B%D0%B9%20%D1%82%D0%BE%D1%87%D0%B5%D1%87%D0%BD%D1%8B%D0%B9%20%D1%80%D0%B8%D1%81%D1%83%D0%BD%D0%BE%D0%BA-122x117.jpeg","IF1DoATFds2m56Q50jB4ZQ==":"%D0%9D%D0%BE%D0%B2%D1%8B%D0%B9%20%D1%82%D0%BE%D1%87%D0%B5%D1%87%D0%BD%D1%8B%D0%B9%20%D1%80%D0%B8%D1%81%D1%83%D0%BD%D0%BE%D0%BA-122x122.jpeg","dWdxgcep/Iti02piWLutAA==":"%D0%9D%D0%BE%D0%B2%D1%8B%D0%B9%20%D1%82%D0%BE%D1%87%D0%B5%D1%87%D0%BD%D1%8B%D0%B9%20%D1%80%D0%B8%D1%81%D1%83%D0%BD%D0%BE%D0%BA-192x184.jpg","gYOEy9Laz008++dhzhF0MA==":"%D0%9D%D0%BE%D0%B2%D1%8B%D0%B9%20%D1%82%D0%BE%D1%87%D0%B5%D1%87%D0%BD%D1%8B%D0%B9%20%D1%80%D0%B8%D1%81%D1%83%D0%BD%D0%BE%D0%BA-192x184.jpeg","/tCJvqrdTG0JTnYlRPTX7A==":"%D0%9D%D0%BE%D0%B2%D1%8B%D0%B9%20%D1%82%D0%BE%D1%87%D0%B5%D1%87%D0%BD%D1%8B%D0%B9%20%D1%80%D0%B8%D1%81%D1%83%D0%BD%D0%BE%D0%BA-110x105.jpeg"}